,BLEU,ROUGE-1,ROUGE-2,ROUGE-L,Response Length
microsoft/DialoGPT-medium,0.0,0.22746031746031745,0.09721362229102168,0.19634920634920633,12.6
Pi3141/DialoGPT-medium-elon-2,0.0,0.24708437761069338,0.09340405276757786,0.19025898078529657,12.0
microsoft/DialoGPT-large,0.0,0.31560833028863716,0.13152882205513783,0.2556399951284861,8.4
microsoft/DialoGPT-small,0.0,0.2742857142857143,0.13939393939393938,0.24571428571428572,7.2
satvikag/chatbot,0.0,0.2689458689458689,0.14287179487179488,0.22746438746438744,9.0
